[
  {
    "title": "Fullmetal Alchemist",
    "genre": [
      "Adventure",
      "Fantasy",
      "Steampunk"
    ],
    "description": "Brothers Edward and Alphonse Elric commit the ultimate taboo in alchemy: human transmutation, in an attempt to bring their deceased mother back to life. The experiment goes horribly wrong—Edward loses his arm and leg, while Alphonse’s entire body is lost, with his soul bound to a suit of armor. Determined to restore their bodies, they search for the Philosopher’s Stone, a legendary artifact capable of bypassing the laws of alchemy. Along the way, they uncover dark conspiracies within the government, a war-torn past, and a group of immortal beings called the Homunculi, led by a powerful figure known as Father. As they battle Homunculi, corrupt officials, and their own guilt, the brothers learn that the Philosopher’s Stone is made from human souls. They refuse to use it, choosing instead to find another way. In the final battle, Edward and Alphonse confront Father, who seeks godhood. With the help of their allies, they manage to defeat him. Edward sacrifices his ability to perform alchemy in exchange for restoring Alphonse’s body. The brothers finally find peace, choosing to live without alchemy, and embark on a new journey to understand the world beyond their homeland.",
    "readingTime": 1,
    "topic": "tredf",
    "id": "1742940623361",
    "createdAt": "2025-03-25T22:10:23.361Z"
  }
]